feature,importance,importance_pct
rain_deviation_pct,0.4830884677286801,48.31
max_dry_streak,0.20463587727617566,20.46
total_rain_mm,0.1311627982998914,13.12
max_daily_rain,0.0825495174342299,8.25
Month,0.025573037129100477,2.56
rain_days,0.02409654834104566,2.41
avg_max_humidity,0.02312374172872496,2.31
normal_rain_mm,0.02209832247144986,2.21
avg_min_humidity,0.0014634782723028492,0.15
prev_month_risk_score,0.0013023713158564715,0.13
prev_month_rain,0.000905840002542721,0.09
